Dot Blot Plate Index,Aby Oligopool Index,Aby Oligopool AA Seq,Length:,Average TL,Average sGFP,NSB Avg BtoH,NSB Avg HtoB,NSB Average,Dot Blot Avg (ug/mL),CD Tm (degC)
1,701,AEAKYAKEGAYANIVIYVLPNLTVSQKSAFEHALNDDPSQSSELLSEAKKLNDSQAPK,58,0.222310083,0.546351672,0.008761256,0.009718173,0.009239714,1121.100758,
2,2059,AEAKYAKEGLAAYEVIYWLPNLTVCQKAAFHTALENDPSQSSELLSEAKKLNDSQAPK,58,0.346610692,0.345561433,0.0065101,0.011838502,0.009174301,131.2143167,
3,4006,AEAKYAKEVVNASVVIYHLPNLTPDQRSAFDYALSNDPSQSSELLSEAKKLNDSQAPK,58,0.316013314,0.476459898,0.005840837,0.00653768,0.006189259,247.0727367,39.6
4,1359,AEAKYSKEWFDAIPQIFVLPNLTGFQVCAFSVALADDPSQSSELLSEAKKLNDSQAPK,58,0.34820046,0.337706171,0.003163787,0.002915452,0.003039619,962.9741405,
5,4763,AEAKYNKEGGNADFEIVYLPNLTGLQRAAFEGALDDDPSQSSELLSEAKKLNDSQAPK,58,0.322645212,0.443950624,0.001886104,0.002031982,0.001959043,31.79535552,
6,3828,AEAKYSKERDYAYDVISSLPNLTHYQKRAFICALSNDPSQSSELLSEAKKLNDSQAPK,58,0.574779151,0.499479656,0.006631784,0.006184292,0.006408038,152.1252698,
7,4082,AEAKYAKELSDASVVISVLPNLTQPQMVAFHPALVDDPSQSSELLSEAKKLNDSQAPK,58,0.193962953,0.240462165,0.009795571,0.011661808,0.010728689,0,
8,3982,AEAKYAKELDAASFSIRVLPNLTESQKLAFFYALANDPSQSSELLSEAKKLNDSQAPK,58,0.033136084,0.480756444,0.017096617,0.019878081,0.018487349,12.45992877,
9,3835,AEAKYAKEGDDAYDSIWFLPNLTGGQRAAFLPALHNDPSQSSELLSEAKKLNDSQAPK,58,0.034364987,0.394644639,0.015210514,0.015637424,0.015423969,0,
10,3302,AEAKYAKERLDAVAVIWDLPNLTECQKSAFVDALANDPSQSSELLSEAKKLNDSQAPK,58,0.605628137,0.52570503,0.021051351,0.023853697,0.022452524,129.1353999,62.8
11,2554,AEAKYTKEGHYAYFEIAFLPNLTGAQMFAFEDALHNDPSQSSELLSEAKKLNDSQAPK,58,0.048005228,0.32776216,0.001886104,0.002031982,0.001959043,282.0690696,
12,2587,AEAKYDKEGYAAYRVILRLPNLTQSQKCAFYVALVNDPSQSSELLSEAKKLNDSQAPK,58,0.567559761,0.327552231,0.004989048,0.005300822,0.005144935,198.2841189,66.5
13,4234,AEAKYAKEWSDATFVIVYLPNLTRCQRRAFDQALYDDPSQSSELLSEAKKLNDSQAPK,58,0.291673332,0.48299098,0.005840837,0.005300822,0.005570829,1105.663254,
14,615,AEAKYNKEGSAANDDIGGLPNLTVAQIVAFLRALANDPSQSSELLSEAKKLNDSQAPK,58,0.027809137,0.077923041,0.002798734,0.003003799,0.002901267,0,
15,3709,AEAKYSKEVCYAVSVIDRLPNLTVEQRHAFYYALHDDPSQSSELLSEAKKLNDSQAPK,58,0.58322305,0.54591561,0.00504989,0.00238537,0.00371763,644.1954847,63.9
16,3161,AEAKYNKEWSYADCVILSLPNLTGFQRNAFVAALHNDPSQSSELLSEAKKLNDSQAPK,58,0.042369523,0.311923189,0.002311998,0.000795123,0.001553561,209.5516974,
17,4063,AEAKYAKERSAAYWSIACLPNLTDAQRAAFSEALFDDPSQSSELLSEAKKLNDSQAPK,58,0.304516022,0.702260441,0.014297883,0.013163707,0.013730795,70.78688072,
18,1685,AEAKYTKEVYSAAVVIFDLPNLTGYQKLAFFDALYDDPSQSSELLSEAKKLNDSQAPK,58,0.454467354,0.526284999,0.002251156,0.002738758,0.002494957,750.4498545,63.6
19,1847,AEAKYYKEGLTAAGVIYGLPNLTEYQRCAFVGALLNDPSQSSELLSEAKKLNDSQAPK,58,0.599190998,0.459725632,0.00504989,0.007244456,0.006147173,142.2674618,
20,1567,AEAKYAKERLNATRQINVLPNLTVAQRYAFDPALHNDPSQSSELLSEAKKLNDSQAPK,58,0.020042936,0.345732846,0.011012412,0.013163707,0.012088059,0,
21,2252,AEAKYAKELLNAACSIRDLPNLTAGQRYAFYHALVNDPSQSSELLSEAKKLNDSQAPK,58,0.331817658,0.507468765,0.012229253,0.011661808,0.01194553,131.4824293,61.8
22,1225,AEAKYSKEVVDATLVICSLPNLTVCQKHAFLHALANDPSQSSELLSEAKKLNDSQAPK,58,0.600638706,0.600707799,0.00504989,0.006802721,0.005926306,376.7613997,79.2
23,734,AEAKYAKEVFYAIHVIYPLPNLTVFQRWAFWGALYNDPSQSSELLSEAKKLNDSQAPK,58,0.112934084,0.228392738,0.003042103,0.004240657,0.00364138,18.53239882,
24,2063,AEAKYNKEGSTAFYVIWLLPNLTEAQKVAFAFALMDDPSQSSELLSEAKKLNDSQAPK,58,0.447539521,0.410422052,0.002798734,0.002031982,0.002415358,540.8603627,63.8
25,877,AEAKYTKEVGTAYFVILYLPNLTLDQREAFADALSDDPSQSSELLSEAKKLNDSQAPK,58,0.235380117,0.32453153,0.003224629,0.003445534,0.003335081,670.8665971,36.1
26,3715,AEAKYSKERLAAYCSIVWLPNLTDAQRVAFIDALYDDPSQSSELLSEAKKLNDSQAPK,58,0.615038832,0.521361761,0.003711365,0.00326884,0.003490103,701.8733083,
27,3366,AEAKYNKERDTAARSIVCLPNLTVYQLYAFINALADDPSQSSELLSEAKKLNDSQAPK,58,0.344257329,0.380697916,0.001703578,0.001325205,0.001514391,1051.252149,
28,1796,AEAKYNKEVIAAYGEIGFLPNLTGPQRYAFAVALLDDPSQSSELLSEAKKLNDSQAPK,58,0.025423143,0.379307299,0.003467997,0.003622228,0.003545113,87.48113305,
29,1,AEAKYTKERVAAAFVIQALPNLTVFQLVAFDSALHNDPSQSSELLSEAKKLNDSQAPK,58,0.072655584,0.378183754,0.003467997,0.00238537,0.002926683,278.6564106,
30,4158,AEAKYAKEWFNANVSIFNLPNLTACQKHAFVAALLNDPSQSSELLSEAKKLNDSQAPK,58,0.36819162,0.365071675,0.004563154,0.005124128,0.004843641,665.980975,56
31,4072,AEAKYAKEVWDANGEIGFLPNLTLDQLYAFVVALSNDPSQSSELLSEAKKLNDSQAPK,58,0.127345165,0.299512527,0.01155999,0.010248255,0.010904123,0,42
32,4885,AEAKYAKELCSASCVIWHLPNLTLFQRSAFLIALGNDPSQSSELLSEAKKLNDSQAPK,58,0.475657012,0.313204525,0.011012412,0.009364785,0.010188598,1352.965652,
33,2101,AEAKYAKEWASADAEIGHLPNLTLVQKYAFIVALYDDPSQSSELLSEAKKLNDSQAPK,58,0.024282832,0.318368061,0.028960818,0.032246665,0.030603741,322.6158825,
34,2909,AEAKYAKEVTDAYSEIWGLPNLTRVQKDAFVFALCDDPSQSSELLSEAKKLNDSQAPK,58,0.34848623,0.430109135,0.00888294,0.009718173,0.009300556,15.14370012,
35,3331,AEAKYYKEQSNAALSIWALPNLTEGQRDAFRVALFNDPSQSSELLSEAKKLNDSQAPK,58,0.026036484,0.458317596,0.005475785,0.003092146,0.004283965,12.40923861,
36,570,AEAKYAKEGGYANAVIENLPNLTESQVTAFFSALVDDPSQSSELLSEAKKLNDSQAPK,58,0.357695765,0.512238439,0.0130202,0.010071561,0.01154588,0,
37,1822,AEAKYSKERSSADFEISSLPNLTVPQMSAFNTALANDPSQSSELLSEAKKLNDSQAPK,58,0.773544974,0.300673355,0.014358725,0.012280237,0.013319481,18.29998682,
38,2441,AEAKYYKEGIDAFYVICLLPNLTRVQKVAFYYALVNDPSQSSELLSEAKKLNDSQAPK,58,0.39530372,0.259451079,0.001460209,0.000971817,0.001216013,1241.887925,
39,1153,AEAKYAKEQVYADVVIIDLPNLTVDQIVAFFYALGNDPSQSSELLSEAKKLNDSQAPK,58,0.282719406,0.564877501,0.006327574,0.005035781,0.005681677,651.5827298,
40,3282,AEAKYYKEGAFATHEIWDLPNLTEVQRSAFYAALKNDPSQSSELLSEAKKLNDSQAPK,58,0.117382253,0.485685414,0.000912631,0.000795123,0.000853877,0,
41,3577,AEAKYTKEGTYAIVSILVLPNLTGDQKRAFAVALSNDPSQSSELLSEAKKLNDSQAPK,58,0.021554277,0.341978178,0.002616208,0.001148511,0.00188236,388.1859511,
42,1051,AEAKYTKEWLNAYVVIDHLPNLTQVQKYAFGAALFNDPSQSSELLSEAKKLNDSQAPK,58,0.045384426,0.26644164,0.007240204,0.010159908,0.008700056,119.1728158,
43,1145,AEAKYYKEVFDATASICVLPNLTVCQVFAFILALLNDPSQSSELLSEAKKLNDSQAPK,58,0.343497184,0.227641595,0.001216841,0.000530082,0.000873462,237.6952703,
44,1342,AEAKYNKEGFNAAVEIRDLPNLTRSQKAAFECALINDPSQSSELLSEAKKLNDSQAPK,58,0.507535232,0.345271751,0.000790947,0.001236858,0.001013903,18.79450847,57.6
45,4261,AEAKYNKEWHAAFSVIRLLPNLTERQRCAFFVALFDDPSQSSELLSEAKKLNDSQAPK,58,0.634249122,0.536155747,0.001581893,0.002473717,0.002027805,283.3404596,
46,3241,AEAKYSKEWVYAVFEIVVLPNLTHVQRTAFFAALSNDPSQSSELLSEAKKLNDSQAPK,58,0.201497585,0.460789892,0.001886104,0.003975616,0.00293086,1079.757846,
47,149,AEAKYSKEVASAYVVIYVLPNLTVLQLHAFLPALDDDPSQSSELLSEAKKLNDSQAPK,58,0.131208302,0.468037801,0.001703578,0.00088347,0.001293524,1092.533962,
48,4644,AEAKYAKERGNANDVIHFLPNLTDAQMVAFSHALSDDPSQSSELLSEAKKLNDSQAPK,58,0.344205564,0.431415204,0.018009248,0.019082958,0.018546103,0,
49,4511,AEAKYSKERGDAYVVIVCLPNLTASQLVAFVCALGNDPSQSSELLSEAKKLNDSQAPK,58,0.280389364,0.352594906,0.001460209,0.001236858,0.001348534,663.4097487,
50,2177,AEAKYAKEGFSATLSIEVLPNLTGSQRFAFISALHDDPSQSSELLSEAKKLNDSQAPK,58,0.041207885,0.502754295,0.00949136,0.008569662,0.009030511,384.7333703,
51,3676,AEAKYAKERRSADCVISVLPNLTEDQKVAFVGALGDDPSQSSELLSEAKKLNDSQAPK,58,0.272520104,0.487974678,0.012046727,0.015549077,0.013797902,0,
52,63,AEAKYNKEWVDAVCSIRSLPNLTVDQVTAFDYALPDDPSQSSELLSEAKKLNDSQAPK,58,0.622872453,0.440750703,0.001642735,0.004594045,0.00311839,101.9784627,
53,1700,AEAKYAKEVLNAIASIGSLPNLTAFQICAFICALCDDPSQSSELLSEAKKLNDSQAPK,58,0.417933838,0.319208804,0.003528839,0.002915452,0.003222146,882.7375142,
54,4099,AEAKYYKEWYNADFEIHLLPNLTGAQKDAFSDALADDPSQSSELLSEAKKLNDSQAPK,58,0.330657069,0.587036881,0.001825262,0.001413552,0.001619407,40.43814146,
55,3931,AEAKYTKEGLDATVEIAVLPNLTPDQKVAFSVALHDDPSQSSELLSEAKKLNDSQAPK,58,0.287380493,0.559394376,0.003528839,0.005565863,0.004547351,13.24606826,
56,1325,AEAKYAKEGWTAACSIWFLPNLTEYQVFAFADALRNDPSQSSELLSEAKKLNDSQAPK,58,0.299278748,0.334312427,0.004867364,0.00892305,0.006895207,54.05263226,
57,1111,AEAKYAKEVYNAVIVIYSLPNLTDVQRCAFLSALANDPSQSSELLSEAKKLNDSQAPK,58,0.629598242,0.316031443,0.003772207,0.00415231,0.003962259,50.56344963,
58,3692,AEAKYNKEGVSAYDVIRYLPNLTVDQLVAFRVALSNDPSQSSELLSEAKKLNDSQAPK,58,0.024140145,0.459019553,0.004319786,0.002650411,0.003485098,324.6110678,
59,1416,AEAKYAKERVSAYVSISVLPNLTPGQLSAFIDALSDDPSQSSELLSEAKKLNDSQAPK,58,,0.454027976,0.032611341,0.031628236,0.032119788,0,
60,2621,AEAKYAKEQNAASVEIWFLPNLTAFQIGAFIVALPDDPSQSSELLSEAKKLNDSQAPK,58,0.166267796,0.419944602,0.007909467,0.006360986,0.007135226,992.9119019,
61,189,AEAKYAKEKCDAVCVIWFLPNLTRGQKYAFANALLDDPSQSSELLSEAKKLNDSQAPK,58,0.097413209,0.531284855,0.005536627,0.003798922,0.004667775,0,
62,1602,AEAKYTKELCDASEVIGCLPNLTVSQKGAFIYALDDDPSQSSELLSEAKKLNDSQAPK,58,0.16836119,0.491262494,0.01125578,0.015018995,0.013137387,0,
63,2261,AEAKYAKELFDASLSIGALPNLTDVQKYAFVDALYDDPSQSSELLSEAKKLNDSQAPK,58,0.089806974,0.148674992,0.006388416,0.009364785,0.0078766,34.05518265,
64,1464,AEAKYAKEWEYANAVIRKLPNLTEAQRVAFAIALFDDPSQSSELLSEAKKLNDSQAPK,58,0.357216907,0.351228826,0.012290095,0.009011397,0.010650746,0,
65,872,AEAKYAKEVANAACSIFALPNLTRGQKSAFVEALFDDPSQSSELLSEAKKLNDSQAPK,58,0.628815514,0.4931279,0.015940618,0.014400565,0.015170592,0,
66,2,AEAKYYKEGSDAFVVIGYLPNLTPYQLVAFDFALDDDPSQSSELLSEAKKLNDSQAPK,58,0.073718648,0.391139033,0.003163787,0.003445534,0.00330466,873.2934593,
67,2670,AEAKYAKEVADAVDQISVLPNLTAGQLGAFDEALSNDPSQSSELLSEAKKLNDSQAPK,58,0.578039236,0.559448497,0.010708202,0.013870483,0.012289342,0,
68,853,AEAKYNKEGVNAYDVIYSLPNLTRYQKDAFGLALYNDPSQSSELLSEAKKLNDSQAPK,58,0.317378897,0.567015377,0.002616208,0.003710575,0.003163392,170.9153854,
69,2954,AEAKYNKEWYDASFVIFAMPNLTAYQIAAFVVALANDPSQSSELLSEAKKLNDSQAPK,58,0.310771264,0.250193247,0.000669263,0.000795123,0.000732193,274.1717616,
70,4123,AEAKYSKEVFNAIVSIRGLPNLTGVQMCAFVCALADDPSQSSELLSEAKKLNDSQAPK,58,0.4863696,0.646888206,0.00176442,0.002208676,0.001986548,0,
71,2892,AEAKYSKELPYANAVISVLPNLTVHQKVAFPEALLDDPSQSSELLSEAKKLNDSQAPK,58,0.057376396,0.386239205,0.008335361,0.007951232,0.008143297,930.5329302,
72,4662,AEAKYYKEWRDATGSIWDLPNLTVSQKVAFAVALDNDPSQSSELLSEAKKLNDSQAPK,58,0.261445078,0.515120821,0.002311998,0.003092146,0.002702072,742.9907881,
73,1296,AEAKYAKELPDAYVEIAYLPNLTRVQREAFVDALRNDPSQSSELLSEAKKLNDSQAPK,58,0.236436298,0.545838772,0.009004624,0.007774538,0.008389581,48.37993078,
74,2518,AEAKYNKEVYTATSVIYFLPNLTHVQRPAFELALRDDPSQSSELLSEAKKLNDSQAPK,58,0.274551346,0.353109246,0.003224629,0.004329004,0.003776817,244.2715971,
75,4469,AEAKYNKEWVNAFVSIWSLPNLTQFQRNAFFGALYNDPSQSSELLSEAKKLNDSQAPK,58,0.331168831,0.248126831,0.001216841,0.001501899,0.00135937,303.1712569,
76,671,AEAKYAKEVISASAVIVDLPNLTGHQLFAFVYALPNDPSQSSELLSEAKKLNDSQAPK,58,0.037756998,0.375238526,0.009552202,0.013782136,0.011667169,942.8409174,
77,2906,AEAKYTKEWSSASLVIRVLPNLTPQQRNAFEHALQNDPSQSSELLSEAKKLNDSQAPK,58,0.317942943,0.386112129,0.001825262,0.00238537,0.002105316,0,
78,4574,AEAKYSKEMVSANDSIGYLPNLTECQKAAFHAALADDPSQSSELLSEAKKLNDSQAPK,58,0.361574793,0.52142021,0.001946946,0.003180493,0.002563719,57.97228632,
79,518,AEAKYNKERYYAYCVIWVLPNLTDCQRLAFYAALADDPSQSSELLSEAKKLNDSQAPK,58,0.326754386,0.391050801,0.002311998,0.002031982,0.00217199,13.85788557,
80,4331,AEAKYAKELWNAAVQIGALPNLTPVQKFAFANALADDPSQSSELLSEAKKLNDSQAPK,58,0.016782749,0.421091994,0.012655147,0.009983214,0.011319181,0,
81,1583,AEAKYNKEWFNAIFSIGCLPNLTAVQKGAFYVALVNDPSQSSELLSEAKKLNDSQAPK,58,0.382445355,0.174665759,0.001460209,0.003445534,0.002452872,746.7875488,79.7
82,4939,AEAKYSKERAYAYDEIWVLPNLTDSQKAAFQYALSDDPSQSSELLSEAKKLNDSQAPK,58,0.263373743,0.473562017,0.00681431,0.007862885,0.007338598,0,
83,4643,AEAKYAKEWSSANSQIFALPNLTPFQRQAFFLALNNDPSQSSELLSEAKKLNDSQAPK,58,0.02366474,0.379380438,0.007909467,0.007067762,0.007488615,167.6307789,
84,1019,AEAKYYKEWHDATFSIWLLPNLTALQKCAFVYALANDPSQSSELLSEAKKLNDSQAPK,58,0.590162277,0.235721484,0.001155999,0.002120329,0.001638164,0,
85,1483,AEAKYTKEGHNAYISIRDLPNLTGVQREAFVVALDDDPSQSSELLSEAKKLNDSQAPK,58,0.046740946,0.413551468,0.005110733,0.002297023,0.003703878,,
86,3218,AEAKYAKERFDAFGSINSLPNLTPVQKRAFFCALVNDPSQSSELLSEAKKLNDSQAPK,58,0.330171239,0.499636608,0.007179362,0.013340401,0.010259882,,
87,4607,AEAKYAKERGDANGSIRFLPNLTLIQLVAFIPALFDDPSQSSELLSEAKKLNDSQAPK,58,0.044067996,0.187843255,0.002920419,0.002738758,0.002829588,,
88,3020,AEAKYNKEGRTAYYVIFCLPNLTVFQLEAFPAALVDDPSQSSELLSEAKKLNDSQAPK,58,0.343113704,0.184023264,0.001460209,0.00088347,0.00117184,,
89,2733,AEAKYTKEWFNADAVIDALPNLTAYQRIAFSSALYDDPSQSSELLSEAKKLNDSQAPK,58,0.236866459,0.26968919,0.00206863,0.002562064,0.002315347,,
90,3453,AEAKYTKEWYNAYDSIWRLPNLTQFQVAAFIDALADDPSQSSELLSEAKKLNDSQAPK,58,0.311124456,0.618181366,0.003467997,0.000706776,0.002087387,,
91,1418,AEAKYTKEWVAAIFEIWYLPNLTARQMVAFIGALGNDPSQSSELLSEAKKLNDSQAPK,58,0.335882881,0.195413284,0.004989048,0.00565421,0.005321629,,
92,3317,AEAKYSKERCAAFAVIVPLPNLTVFQVYAFVSALFDDPSQSSELLSEAKKLNDSQAPK,58,0.234348739,0.34163428,0.001338525,0.000176694,0.00075761,,
93,1730,AEAKYNKEVTNAALQIMLLPNLTLAQRYAFGFALCNDPSQSSELLSEAKKLNDSQAPK,58,0.319188462,0.232856004,0.003467997,0.002473717,0.002970857,,
94,1644,AEAKYAKEGSYANMVIDELPNLTDAQLYAFDLALFNDPSQSSELLSEAKKLNDSQAPK,58,0.307571102,0.429276175,0.005475785,0.006007598,0.005741691,,
95,4259,AEAKYNKEWSDASKVIDYLPNLTVAQVHAFEAALVNDPSQSSELLSEAKKLNDSQAPK,58,0.319021739,0.446120932,0.00413726,0.000971817,0.002554538,,
96,2208,AEAKYAKERCNAVKEIVALPNLTGEQVHAFISALFNDPSQSSELLSEAKKLNDSQAPK,58,0.625863439,0.567101686,0.007483573,0.007509497,0.007496535,,
97,1525,AEAKYYKEWADAVDEIGVLPNLTRYQRLAFSCALPDDPSQSSELLSEAKKLNDSQAPK,58,0.326437114,0.385268594,0.002616208,0.002827105,0.002721657,,
98,1152,AEAKYTKEQFAADSEIWVLPNLTDYQIFAFYVALDNDPSQSSELLSEAKKLNDSQAPK,58,0.027380679,0.35457671,0.001155999,0.000265041,0.00071052,,
99,3341,AEAKYYKERLYATYSIITLPNLTELQKWAFSYALSDDPSQSSELLSEAKKLNDSQAPK,58,0.046261562,0.266616366,0.000912631,0.002031982,0.001472306,,
100,4200,AEAKYNKEGDYAYIVILDLPNLTGVQIVAFNYALDDDPSQSSELLSEAKKLNDSQAPK,58,0.310810811,0.539985452,0.001399367,0.001236858,0.001318113,,
101,4809,AEAKYNKEKRDAVVVICLLPNLTAAQRNAFHSALSNDPSQSSELLSEAKKLNDSQAPK,58,0.233193003,0.308711292,0.001642735,0.001855288,0.001749012,,
102,4430,AEAKYYKEGSNANVVISCLPNLTGYQVYAFFWALNNDPSQSSELLSEAKKLNDSQAPK,58,0.272392492,0.293784356,0.001277683,0,0.000638842,,53.5
103,4286,AEAKYAKELSYAACEIVHLPNLTDIQMVAFFVALVNDPSQSSELLSEAKKLNDSQAPK,58,0.337156515,0.4830658,0.006327574,0.007951232,0.007139403,,68.9
104,4605,AEAKYNKEMVYAYMSIWWLPNLTLAQIYAFVSALPNDPSQSSELLSEAKKLNDSQAPK,58,0.146899225,0.272655541,0.000243368,0.000353388,0.000298378,,
105,4434,AEAKYNKEVVNAAHVIFLLPNLTQNQKCAFVLALMNDPSQSSELLSEAKKLNDSQAPK,58,0.626805931,0.535011862,0.002737892,0.001943635,0.002340764,,83.6
106,1002,AEAKYNKEGVAAYYVIFSLPNLTQWQRPAFVFALVNDPSQSSELLSEAKKLNDSQAPK,58,0.142982018,0.31743414,0.002190314,0.001148511,0.001669413,,38.9
107,875,AEAKYTKEVFNATPVIWVLPNLTLEQVYAFSVALVNDPSQSSELLSEAKKLNDSQAPK,58,0.117328371,0.424998691,0.003407155,0.00326884,0.003337998,,
108,2045,AEAKYNKEGHDANLVIFALPNLTGAQRPAFIVALADDPSQSSELLSEAKKLNDSQAPK,58,0.060021876,0.370724691,0.002920419,0.001060164,0.001990291,,
109,344,AEAKYNKEMDDAYHQIVTLPNLTADQIAAFAVALSNDPSQSSELLSEAKKLNDSQAPK,58,0.574304826,0.510665994,0.002129472,0.002562064,0.002345768,,
110,2137,AEAKYAKERPSASFVIRFLPNLTVTQKSAFAYALANDPSQSSELLSEAKKLNDSQAPK,58,0.045380255,0.088651931,0.019104405,0.021821716,0.02046306,,
111,97,AEAKYNKEGSDAFPVIRILPNLTDYQKNAFVVALVNDPSQSSELLSEAKKLNDSQAPK,58,0.038493439,0.427345574,0.00237284,0.003975616,0.003174228,,
112,254,AEAKYAKEGYDAALVIWSLPNLTVSQKDAFVNALFDDPSQSSELLSEAKKLNDSQAPK,58,0.641168902,0.241084996,0.016427355,0.017581058,0.017004206,,
113,3487,AEAKYTKEGDDAINSIGALPNLTDLQLVEFDHALDNDPSQSSELLSEAKKLNDSQAPK,58,0.624444444,0.239719579,0.001703578,0.002031982,0.00186778,,
114,1547,AEAKYAKEGSTANLSIRELPNLTDSQRLAFDCALVNDPSQSSELLSEAKKLNDSQAPK,58,0.306060551,0.454636389,0.006631784,0.00565421,0.006142997,,
115,3559,AEAKYAKEGFAASVSIWYLPNLTDYQRYAFIRALVNDPSQSSELLSEAKKLNDSQAPK,58,0.406096389,0.517572034,0.010403991,0.008658009,0.009531,,
200,130,AEAKYNKEGVTAVNSIVFLPNLTHAQRDAFFFALPNDPSQSSELLSEAKKLNDSQAPK,58,0.044590956,0.384543613,0.00237284,0.003975616,0.003174228,,
201,209,AEAKYAKEVRDADLSIRSLPNLTAIQRDAFAAALFDDPSQSSELLSEAKKLNDSQAPK,58,0.034151176,0.471953384,0.014358725,0.022351798,0.018355261,,
202,242,AEAKYTKEWADAVSVIDELPNLTDCQKAAFYDALGNDPSQSSELLSEAKKLNDSQAPK,58,0.630225817,0.562509298,0.004684838,0.004505698,0.004595268,,
203,403,AEAKYAKEQSYAAYSIYSLPNLTDEQIFAFNSALCNDPSQSSELLSEAKKLNDSQAPK,58,0.317968918,0.414216574,0.006570942,0.003887269,0.005229106,,
204,563,AEAKYAKERYAAVIVIGGLPNLTEDQLYAFVVALSDDPSQSSELLSEAKKLNDSQAPK,58,0.316435764,0.444930627,0.012837673,0.012987013,0.012912343,,
205,568,AEAKYAKEVLDANVEIMYLPNLTAEQRQAFVPALANDPSQSSELLSEAKKLNDSQAPK,58,0.060911463,0.306700061,0.007422731,0.010424949,0.00892384,,
206,658,AEAKYNKERVNAVASIVALPNLTGDQRAAFDCALSNDPSQSSELLSEAKKLNDSQAPK,58,0.332493557,0.493896204,0.002798734,0.001855288,0.002327011,,
207,731,AEAKYYKERFDAYDEINFLPNLTQFQKVAFDCALRDDPSQSSELLSEAKKLNDSQAPK,58,0.332779699,0.33212888,0.00030421,0.000795123,0.000549667,,
208,750,AEAKYTKEGDDANDVIPPLPNLTGMQLDAFISALDNDPSQSSELLSEAKKLNDSQAPK,58,0.398546233,0.522803237,0.005171575,0.002827105,0.00399934,,
209,924,AEAKYNKELDDADPSISYLPNLTGHQKLAFFAALDNDPSQSSELLSEAKKLNDSQAPK,58,0.019127664,0.410439672,0.002129472,0.003357187,0.002743329,,
210,1014,AEAKYNKEGIDASCVIFSLPNLTAFQRFAFYVALLNDPSQSSELLSEAKKLNDSQAPK,58,0.328916211,0.277722956,0.001581893,0.001943635,0.001762764,,
211,1038,AEAKYAKEWYDAAYSIVPLPNLTPGQRLAFIAALYDDPSQSSELLSEAKKLNDSQAPK,58,0.022840421,0.30936422,0.019226089,0.016697588,0.017961839,,
212,1087,AEAKYTKEWDTATSVIAHLPNLTDFQKYAFSGALADDPSQSSELLSEAKKLNDSQAPK,58,0.309066151,0.319890279,0.009430518,0.008216274,0.008823396,,
213,1411,AEAKYAKEWDNAICVIYDLPNLTVDQRHAFDAALVNDPSQSSELLSEAKKLNDSQAPK,58,0.328388397,0.464024382,0.008943782,0.007951232,0.008447507,,
214,1417,AEAKYAKERVSAYVSISVLPNLTPGQLSAFIDALSDDPSQSSELLSEAKKLNDSQAPK,58,0.333243076,0.382920767,,,,,
215,1448,AEAKYNKEWADADAEIRCLPNLTPSQKEAFSLALFDDPSQSSELLSEAKKLNDSQAPK,58,0.353404682,0.551140733,0.004867364,0.001148511,0.003007938,,
216,1509,AEAKYNKELCNAFVVINDLPNLTAFQLLAFYVALDDDPSQSSELLSEAKKLNDSQAPK,58,0.328570749,0.406202765,0.002251156,0.002208676,0.002229916,,
217,1550,AEAKYRKELSYADHVIYLLPNLTGDQVYAFILALHDDPSQSSELLSEAKKLNDSQAPK,58,0.077569578,0.261208441,0.008213677,0.003622228,0.005917953,,
218,1625,AEAKYYKEVHDADDVILFLPNLTAFQRAAFIAALADDPSQSSELLSEAKKLNDSQAPK,58,0.031131751,0.418381661,0.002007788,0.00238537,0.002196579,,
219,1905,AEAKYAKEMDYANGEIAALPNLTAFQRWAFARALVNDPSQSSELLSEAKKLNDSQAPK,58,0.025564793,0.419905195,0.004502312,0.005477516,0.004989914,,
220,1934,AEAKYYKERISAFWEIFYLPNLTVNQREAFFKALCDDPSQSSELLSEAKKLNDSQAPK,58,0.633252165,0.418734808,0.001095157,0.000706776,0.000900967,,
221,2124,AEAKYYKEGDNAYPSIRGLPNLTVHQKSAFFCALYDDPSQSSELLSEAKKLNDSQAPK,58,0.159677419,0.47279102,0.00206863,0.001501899,0.001785265,,
222,2194,AEAKYTKEWHDASTVIDDLPNLTVHQVYAFVFALIDDPSQSSELLSEAKKLNDSQAPK,58,0.045401692,0.475838815,0.004563154,0.003975616,0.004269385,,
223,2196,AEAKYNKEWYTATVQIGFLPNLTHRQKFAFLTALSNDPSQSSELLSEAKKLNDSQAPK,58,0.022513206,0.249455814,0.003285471,0.001855288,0.002570379,,
224,2346,AEAKYNKEQCNAVDVIFVLPNLTEHQKFAFDAALFDDPSQSSELLSEAKKLNDSQAPK,58,0.278791565,0.401394156,0.000730105,0.00238537,0.001557737,,
225,2357,AEAKYAKEGYNATVVIGYLPNLTGFQKCAFYLALVDDPSQSSELLSEAKKLNDSQAPK,58,0.614916111,0.327089365,0.006266732,0.006184292,0.006225512,,
226,2364,AEAKYNKEQVAAIVVISDLPNLTGDQRAAFLCALADDPSQSSELLSEAKKLNDSQAPK,58,0.354949153,0.586789138,0.001338525,0.003003799,0.002171162,,
227,2378,AEAKYSKEVDNAIVSILRLPNLTDFQMVAFSDALSNDPSQSSELLSEAKKLNDSQAPK,58,0.254225352,0.490382037,0.002494524,0.001236858,0.001865691,,
228,2390,AEAKYNKEGANAYDVIYPLPNLTAKQRKAFSSALCDDPSQSSELLSEAKKLNDSQAPK,58,0.427146949,0.367533617,0.004258944,0.003533881,0.003896412,,
229,2437,AEAKYTKERDDAYSVIYCLPNLTESQRYAFYVALCNDPSQSSELLSEAKKLNDSQAPK,58,0.59123311,0.47822296,0.002737892,0.002738758,0.002738325,,
230,2463,AEAKYAKEGCNAYYEIRFLPNLTVDQRFAFKSALYNDPSQSSELLSEAKKLNDSQAPK,58,0.122073991,0.45067021,0.004684838,0.002031982,0.00335841,,
231,2625,AEAKYAKERFTASYEIGSLPNLTVFQRYAFFYALLDDPSQSSELLSEAKKLNDSQAPK,58,0.023546933,0.383291681,0.013202726,0.015990812,0.014596769,,
232,2739,AEAKYYKEGGTASYVIFILPNLTELQMWAFIFALNDDPSQSSELLSEAKKLNDSQAPK,58,0.228544061,0.302312827,0.000547578,0.000795123,0.000671351,,
233,2750,AEAKYAKERYYAAVSIRFLPNLTVIQIRAFLAALPDDPSQSSELLSEAKKLNDSQAPK,58,0.214397027,0.533254394,0.003711365,0.001501899,0.002606632,,
234,2754,AEAKYAKELYAADAQIGSLPNLTVEQRCAFFHALNNDPSQSSELLSEAKKLNDSQAPK,58,0.314071246,0.525024074,0.006631784,0.005212475,0.005922129,,
235,2758,AEAKYAKELVNAYYVISSLPNLTELQLKAFVIALCNDPSQSSELLSEAKKLNDSQAPK,58,0.497777144,0.561526955,0.003163787,0.005389169,0.004276478,,
236,2854,AEAKYAKELYAASVEIWNLPNLTVVQKCAFAAALHNDPSQSSELLSEAKKLNDSQAPK,58,0.397223567,0.525483176,0.00918715,0.004947434,0.007067292,,
237,2860,AEAKYNKEVGNAVYSIGVLPNLTGYQKDAFMDALFNDPSQSSELLSEAKKLNDSQAPK,58,0.059712189,0.449539559,0.001399367,0.000971817,0.001185592,,
238,2916,AEAKYAKEKFNAFAQISYLPNLTAYQRCAFEHALYNDPSQSSELLSEAKKLNDSQAPK,58,0.02775495,0.456621858,0.003346313,0.003887269,0.003616791,,
239,3059,AEAKYAKELAYAIYEIVHLPNLTACQRDAFTHALANDPSQSSELLSEAKKLNDSQAPK,58,0.539371506,0.585126959,0.006570942,0.005919251,0.006245096,,
240,3234,AEAKYYKEVCYAVCVISYLPNLTAEQRVAFVVALHDDPSQSSELLSEAKKLNDSQAPK,58,0.535247432,0.260592081,0.001581893,0.002297023,0.001939458,,
241,3261,AEAKYNKEGAYAVVVIIGLPNLTGSQRVAFTYALPDDPSQSSELLSEAKKLNDSQAPK,58,0.137129211,0.439778076,0.001399367,0.002120329,0.001759848,,
242,3374,AEAKYAKEQDDAAVQIRFLPNLTDVQRVAFIDALADDPSQSSELLSEAKKLNDSQAPK,58,0.304665932,0.509686404,0.008457046,0.010071561,0.009264303,,
243,3382,AEAKYAKELADAYYVIEYLPNLTGDQKYAFKCALFNDPSQSSELLSEAKKLNDSQAPK,58,0.604136335,0.549008181,0.009369676,0.006802721,0.008086199,,
244,3407,AEAKYAKEGDSASYQIWLLPNLTALQRYAFFYALYNDPSQSSELLSEAKKLNDSQAPK,58,0.026628524,0.208016899,0.007179362,0.006007598,0.00659348,,
245,3604,AEAKYNKEWATANYVIVALPNLTLLQMYAFDVALYDDPSQSSELLSEAKKLNDSQAPK,58,0.134129014,0.395332427,0.004015576,0.002120329,0.003067952,,
246,3708,AEAKYNKEGVNAYIVIGYLPNLTRAQMDAFVHALFNDPSQSSELLSEAKKLNDSQAPK,58,0.266145833,0.635376669,0.003042103,0.001678594,0.002360348,,
247,3710,AEAKYAKELSDAAWQIGDLPNLTRAQRCAFVHALINDPSQSSELLSEAKKLNDSQAPK,58,0.33122566,0.460253218,0.005232417,0.003975616,0.004604016,,
248,3833,AEAKYTKERVYAIDVIGPLPNLTDSQRDAFIEALANDPSQSSELLSEAKKLNDSQAPK,58,0.148335775,0.298544678,0.003833049,0.004594045,0.004213547,,
249,3891,AEAKYTKEGKAAVTVISSLPNLTGDQIHAFVHALDDDPSQSSELLSEAKKLNDSQAPK,58,0.179000633,0.555323472,0.003102945,0.003003799,0.003053372,,
250,3955,AEAKYNKEGDDATGVIGSLPNLTDDQRNAFFHALYDDPSQSSELLSEAKKLNDSQAPK,58,0.271337605,0.618807826,0.003285471,0.002827105,0.003056288,,
251,4019,AEAKYYKEVLSAYLVISTLPNLTPLQKLAFVDALLNDPSQSSELLSEAKKLNDSQAPK,58,0.621147468,0.439218597,0.003224629,0.00238537,0.002804999,,
252,4039,AEAKYSKEWGDAADVIEFLPNLTGVQIYAFDAALEDDPSQSSELLSEAKKLNDSQAPK,58,0.316837607,0.427370496,0.002555366,0.002297023,0.002426194,,
253,4040,AEAKYNKEKVTAYYVIAYLPNLTGVQRAAFAFALLNDPSQSSELLSEAKKLNDSQAPK,58,0.199794412,0.328595879,0.00206863,0.002473717,0.002271173,,
254,4178,AEAKYTKEGYNAAVQIGHLPNLTGEQRDAFVSALCDDPSQSSELLSEAKKLNDSQAPK,58,0.330361815,0.522426926,0.003833049,0.002827105,0.003330077,,
255,4420,AEAKYSKEVANAASVILSLPNLTDDQVYAFFEALFDDPSQSSELLSEAKKLNDSQAPK,58,0.631181917,0.578230394,0.00888294,0.005300822,0.007091881,,
256,4560,AEAKYAKERYSAFSQIVILPNLTASQKFAFFDALSNDPSQSSELLSEAKKLNDSQAPK,58,0.019052803,0.48810698,0.011499148,0.010248255,0.010873702,,
257,4599,AEAKYYKEGVDATSEIGSLPNLTGDQKGAFVYALSDDPSQSSELLSEAKKLNDSQAPK,58,0.302022611,0.410698911,0.003042103,0.000706776,0.001874439,,
258,4622,AEAKYAKEWSAAYDVIVGLPNLTDFQRNAFGDALWDDPSQSSELLSEAKKLNDSQAPK,58,0.333149036,0.246775101,0.014176199,0.015372383,0.014774291,,
259,4877,AEAKYSKELCDAVLVIGELPNLTQAQKEAFINALVDDPSQSSELLSEAKKLNDSQAPK,58,0.739687055,0.555008131,0.00413726,0.002297023,0.003217141,,
260,4977,AEAKYYKEVFAAYQVIALLPNLTVCQRFAFCDALYDDPSQSSELLSEAKKLNDSQAPK,58,0.301049618,0.267392282,0.001642735,0.000353388,0.000998062,,